{
	"textures": {
		"0": "extendedcrafting:block/black_iron_block",
		"1": "extendedcrafting:block/advanced_table_top",
		"2": "extendedcrafting:block/table_side",
		"3": "extendedcrafting:block/auto_table_side",
		"particle": "extendedcrafting:block/black_iron_block"
	},
	"elements": [
		{
			"name": "Cube",
			"from": [2, 0, 2],
			"to": [14, 2, 14],
			"faces": {
				"north": {"uv": [2, 2, 14, 4], "texture": "#0"},
				"east": {"uv": [2, 2, 14, 4], "texture": "#0"},
				"south": {"uv": [2, 2, 14, 4], "texture": "#0"},
				"west": {"uv": [2, 2, 14, 4], "texture": "#0"},
				"up": {"uv": [2, 2, 14, 14], "texture": "#0"},
				"down": {"uv": [2, 2, 14, 14], "texture": "#0"}
			}
		},
		{
			"name": "Cube",
			"from": [3, 2, 3],
			"to": [5, 10, 5],
			"faces": {
				"north": {"uv": [1, 1, 3, 9], "texture": "#0"},
				"east": {"uv": [1, 1, 3, 9], "texture": "#0"},
				"south": {"uv": [1, 1, 3, 9], "texture": "#0"},
				"west": {"uv": [1, 1, 3, 9], "texture": "#0"},
				"up": {"uv": [1, 1, 3, 3], "texture": "#0"},
				"down": {"uv": [1, 1, 3, 3], "texture": "#0"}
			}
		},
		{
			"name": "Cube",
			"from": [11, 2, 11],
			"to": [13, 10, 13],
			"faces": {
				"north": {"uv": [1, 1, 3, 9], "texture": "#0"},
				"east": {"uv": [1, 1, 3, 9], "texture": "#0"},
				"south": {"uv": [1, 1, 3, 9], "texture": "#0"},
				"west": {"uv": [1, 1, 3, 9], "texture": "#0"},
				"up": {"uv": [1, 1, 3, 3], "texture": "#0"},
				"down": {"uv": [1, 1, 3, 3], "texture": "#0"}
			}
		},
		{
			"name": "Cube",
			"from": [11, 2, 3],
			"to": [13, 10, 5],
			"faces": {
				"north": {"uv": [1, 1, 3, 9], "texture": "#0"},
				"east": {"uv": [1, 1, 3, 9], "texture": "#0"},
				"south": {"uv": [1, 1, 3, 9], "texture": "#0"},
				"west": {"uv": [1, 1, 3, 9], "texture": "#0"},
				"up": {"uv": [1, 1, 3, 3], "texture": "#0"},
				"down": {"uv": [1, 1, 3, 3], "texture": "#0"}
			}
		},
		{
			"name": "Cube",
			"from": [3, 2, 11],
			"to": [5, 10, 13],
			"faces": {
				"north": {"uv": [1, 1, 3, 9], "texture": "#0"},
				"east": {"uv": [1, 1, 3, 9], "texture": "#0"},
				"south": {"uv": [1, 1, 3, 9], "texture": "#0"},
				"west": {"uv": [1, 1, 3, 9], "texture": "#0"},
				"up": {"uv": [1, 1, 3, 3], "texture": "#0"},
				"down": {"uv": [1, 1, 3, 3], "texture": "#0"}
			}
		},
		{
			"name": "Cube",
			"from": [0, 10, 0],
			"to": [16, 16, 16],
			"faces": {
				"north": {"uv": [0, 0, 16, 6], "texture": "#2"},
				"east": {"uv": [0, 0, 16, 6], "texture": "#2"},
				"south": {"uv": [0, 0, 16, 6], "texture": "#2"},
				"west": {"uv": [0, 0, 16, 6], "texture": "#2"},
				"up": {"uv": [0, 0, 16, 16], "texture": "#1"},
				"down": {"uv": [0, 0, 16, 16], "texture": "#0"}
			}
		},
		{
			"from": [4, 2, 4],
			"to": [12, 10, 12],
			"rotation": {"angle": 0, "axis": "y", "origin": [12, 10, 12]},
			"faces": {
				"north": {"uv": [4, 7, 12, 15], "texture": "#3"},
				"east": {"uv": [4, 7, 12, 15], "texture": "#3"},
				"south": {"uv": [4, 7, 12, 15], "texture": "#3"},
				"west": {"uv": [4, 7, 12, 15], "texture": "#3"},
				"up": {"uv": [0, 0, 8, 8], "texture": "#0"},
				"down": {"uv": [0, 0, 8, 8], "texture": "#0"}
			}
		}
	]
}