{
  "textures": {
    "0": "extendedcrafting:block/black_iron_block",
    "1": "extendedcrafting:block/frame_glass",
    "particle": "extendedcrafting:block/black_iron_block"
  },
  "elements": [
    {
      "name": "Cube",
      "from": [ 0.0, 0.0, 0.0 ],
      "to": [ 16.0, 3.0, 3.0 ],
      "faces": {
        "north": { "texture": "#0", "uv": [ 0.0, 13.0, 16.0, 16.0 ] },
        "east": { "texture": "#0", "uv": [ 13.0, 13.0, 16.0, 16.0 ] },
        "south": { "texture": "#0", "uv": [ 0.0, 2.0, 16.0, 5.0 ] },
        "west": { "texture": "#0", "uv": [ 0.0, 13.0, 3.0, 16.0 ] },
        "up": { "texture": "#0", "uv": [ 0.0, 1.0, 16.0, 4.0 ] },
        "down": { "texture": "#0", "uv": [ 0.0, 13.0, 16.0, 16.0 ] }
      }
    },
    {
      "name": "Cube",
      "from": [ 0.0, 13.0, 0.0 ],
      "to": [ 16.0, 16.0, 3.0 ],
      "faces": {
        "north": { "texture": "#0", "uv": [ 0.0, 0.0, 16.0, 3.0 ] },
        "east": { "texture": "#0", "uv": [ 13.0, 0.0, 16.0, 3.0 ] },
        "south": { "texture": "#0", "uv": [ 0.0, 1.0, 16.0, 4.0 ] },
        "west": { "texture": "#0", "uv": [ 0.0, 0.0, 3.0, 3.0 ] },
        "up": { "texture": "#0", "uv": [ 0.0, 0.0, 16.0, 3.0 ] },
        "down": { "texture": "#0", "uv": [ 0.0, 1.0, 16.0, 4.0 ] }
      }
    },
    {
      "name": "Cube",
      "from": [ 0.0, 13.0, 13.0 ],
      "to": [ 16.0, 16.0, 16.0 ],
      "faces": {
        "north": { "texture": "#0", "uv": [ 0.0, 1.0, 16.0, 4.0 ] },
        "east": { "texture": "#0", "uv": [ 3.0, 3.0, 0.0, 0.0 ], "rotation": 180 },
        "south": { "texture": "#0", "uv": [ 0.0, 16.0, 16.0, 13.0 ] },
        "west": { "texture": "#0", "uv": [ 13.0, 0.0, 16.0, 3.0 ] },
        "up": { "texture": "#0", "uv": [ 0.0, 13.0, 16.0, 16.0 ] },
        "down": { "texture": "#0", "uv": [ 0.0, 4.0, 16.0, 3.0 ] }
      }
    },
    {
      "name": "Cube",
      "from": [ 0.0, 0.0, 13.0 ],
      "to": [ 16.0, 3.0, 16.0 ],
      "faces": {
        "north": { "texture": "#0", "uv": [ 0.0, 1.0, 16.0, 4.0 ] },
        "east": { "texture": "#0", "uv": [ 0.0, 13.0, 3.0, 16.0 ] },
        "south": { "texture": "#0", "uv": [ 0.0, 13.0, 16.0, 16.0 ] },
        "west": { "texture": "#0", "uv": [ 13.0, 13.0, 16.0, 16.0 ] },
        "up": { "texture": "#0", "uv": [ 0.0, 1.0, 16.0, 4.0 ] },
        "down": { "texture": "#0", "uv": [ 0.0, 0.0, 16.0, 3.0 ] }
      }
    },
    {
      "name": "Cube",
      "from": [ 0.0, 3.0, 0.0 ],
      "to": [ 3.0, 13.0, 3.0 ],
      "faces": {
        "north": { "texture": "#0", "uv": [ 13.0, 3.0, 16.0, 13.0 ] },
        "east": { "texture": "#0", "uv": [ 1.0, 3.0, 4.0, 13.0 ] },
        "south": { "texture": "#0", "uv": [ 1.0, 3.0, 4.0, 13.0 ] },
        "west": { "texture": "#0", "uv": [ 0.0, 3.0, 3.0, 13.0 ] },
        "up": { "texture": "#0", "uv": [ 0.0, 0.0, 3.0, 3.0 ] },
        "down": { "texture": "#0", "uv": [ 0.0, 0.0, 3.0, 3.0 ] }
      }
    },
    {
      "name": "Cube",
      "from": [ 0.0, 3.0, 13.0 ],
      "to": [ 3.0, 13.0, 16.0 ],
      "faces": {
        "north": { "texture": "#0", "uv": [ 12.0, 3.0, 15.0, 13.0 ] },
        "east": { "texture": "#0", "uv": [ 1.0, 3.0, 4.0, 13.0 ] },
        "south": { "texture": "#0", "uv": [ 0.0, 3.0, 3.0, 13.0 ] },
        "west": { "texture": "#0", "uv": [ 13.0, 3.0, 16.0, 13.0 ] },
        "up": { "texture": "#0", "uv": [ 0.0, 0.0, 3.0, 3.0 ] },
        "down": { "texture": "#0", "uv": [ 0.0, 0.0, 3.0, 3.0 ] }
      }
    },
    {
      "name": "Cube",
      "from": [ 13.0, 3.0, 13.0 ],
      "to": [ 16.0, 13.0, 16.0 ],
      "faces": {
        "north": { "texture": "#0", "uv": [ 1.0, 3.0, 4.0, 13.0 ] },
        "east": { "texture": "#0", "uv": [ 0.0, 3.0, 3.0, 13.0 ] },
        "south": { "texture": "#0", "uv": [ 13.0, 3.0, 16.0, 13.0 ] },
        "west": { "texture": "#0", "uv": [ 1.0, 3.0, 4.0, 13.0 ] },
        "up": { "texture": "#0", "uv": [ 0.0, 0.0, 3.0, 3.0 ] },
        "down": { "texture": "#0", "uv": [ 0.0, 0.0, 3.0, 3.0 ] }
      }
    },
    {
      "name": "Cube",
      "from": [ 13.0, 3.0, 0.0 ],
      "to": [ 16.0, 13.0, 3.0 ],
      "faces": {
        "north": { "texture": "#0", "uv": [ 0.0, 3.0, 3.0, 13.0 ] },
        "east": { "texture": "#0", "uv": [ 13.0, 3.0, 16.0, 13.0 ] },
        "south": { "texture": "#0", "uv": [ 1.0, 3.0, 3.0, 12.0 ] },
        "west": { "texture": "#0", "uv": [ 1.0, 3.0, 3.0, 13.0 ] },
        "up": { "texture": "#0", "uv": [ 0.0, 0.0, 3.0, 3.0 ] },
        "down": { "texture": "#0", "uv": [ 0.0, 0.0, 3.0, 3.0 ] }
      }
    },
    {
      "name": "Cube",
      "from": [ 0.0, 0.0, 3.0 ],
      "to": [ 3.0, 3.0, 13.0 ],
      "faces": {
        "north": { "texture": "#0", "uv": [ 0.0, 0.0, 3.0, 3.0 ] },
        "east": { "texture": "#0", "uv": [ 4.0, 1.0, 14.0, 4.0 ] },
        "south": { "texture": "#0", "uv": [ 0.0, 0.0, 3.0, 3.0 ] },
        "west": { "texture": "#0", "uv": [ 4.0, 13.0, 12.0, 16.0 ] },
        "up": { "texture": "#0", "uv": [ 3.0, 1.0, 13.0, 4.0 ], "rotation": 90 },
        "down": { "texture": "#0", "uv": [ 0.0, 3.0, 3.0, 13.0 ] }
      }
    },
    {
      "name": "Cube",
      "from": [ 0.0, 13.0, 3.0 ],
      "to": [ 3.0, 16.0, 13.0 ],
      "faces": {
        "north": { "texture": "#0", "uv": [ 0.0, 0.0, 3.0, 3.0 ], "rotation": 90 },
        "east": { "texture": "#0", "uv": [ 3.0, 1.0, 13.0, 4.0 ] },
        "south": { "texture": "#0", "uv": [ 0.0, 0.0, 3.0, 3.0 ] },
        "west": { "texture": "#0", "uv": [ 3.0, 0.0, 8.0, 3.0 ] },
        "up": { "texture": "#0", "uv": [ 0.0, 3.0, 3.0, 13.0 ] },
        "down": { "texture": "#0", "uv": [ 3.0, 3.0, 13.0, 6.0 ] }
      }
    },
    {
      "name": "Cube",
      "from": [ 13.0, 13.0, 3.0 ],
      "to": [ 16.0, 16.0, 13.0 ],
      "faces": {
        "north": { "texture": "#0", "uv": [ 0.0, 0.0, 3.0, 3.0 ] },
        "east": { "texture": "#0", "uv": [ 3.0, 0.0, 13.0, 3.0 ] },
        "south": { "texture": "#0", "uv": [ 0.0, 0.0, 3.0, 3.0 ] },
        "west": { "texture": "#0", "uv": [ 3.0, 1.0, 13.0, 4.0 ] },
        "up": { "texture": "#0", "uv": [ 13.0, 3.0, 16.0, 13.0 ] },
        "down": { "texture": "#0", "uv": [ 3.0, 1.0, 13.0, 4.0 ], "rotation": 90 }
      }
    },
    {
      "name": "Cube",
      "from": [ 13.0, 0.0, 3.0 ],
      "to": [ 16.0, 3.0, 13.0 ],
      "faces": {
        "north": { "texture": "#0", "uv": [ 0.0, 0.0, 3.0, 3.0 ] },
        "east": { "texture": "#0", "uv": [ 3.0, 13.0, 13.0, 16.0 ] },
        "south": { "texture": "#0", "uv": [ 0.0, 0.0, 3.0, 3.0 ] },
        "west": { "texture": "#0", "uv": [ 3.0, 2.0, 13.0, 5.0 ] },
        "up": { "texture": "#0", "uv": [ 13.0, 3.0, 3.0, 6.0 ], "rotation": 90 },
        "down": { "texture": "#0", "uv": [ 13.0, 3.0, 16.0, 13.0 ] }
      }
    },
    {
      "name": "Cube",
      "from": [ 2.0, 2.0, 2.0 ],
      "to": [ 14.0, 14.0, 14.0 ],
      "faces": {
        "north": { "texture": "#1", "uv": [ 2.0, 2.0, 14.0, 14.0 ] },
        "east": { "texture": "#1", "uv": [ 2.0, 2.0, 14.0, 14.0 ] },
        "south": { "texture": "#1", "uv": [ 2.0, 2.0, 14.0, 14.0 ] },
        "west": { "texture": "#1", "uv": [ 2.0, 2.0, 14.0, 14.0 ] },
        "up": { "texture": "#1", "uv": [ 2.0, 2.0, 14.0, 14.0 ] },
        "down": { "texture": "#1", "uv": [ 2.0, 2.0, 14.0, 14.0 ] }
      }
    }
  ]
}