{
  "type": "crafting_shaped",
  "conditions": [
    {
      "type": "cucumber:enabled",
      "item": "extendedcrafting:crafting_core"
    }
  ],
  "pattern": [
    "CAC",
    "BIB",
    "CSC"
  ],
  "key": {
    "I": {
      "item": "extendedcrafting:frame"
    },
    "B": {
      "item": "extendedcrafting:elite_component"
    },
    "S": {
      "item": "extendedcrafting:black_iron_slate"
    },
    "C": {
      "item": "extendedcrafting:black_iron_ingot"
    },
    "A": {
      "item": "extendedcrafting:elite_catalyst"
    }
  },
  "result": {
    "item": "extendedcrafting:crafting_core"
  }
}